창 시작,창 끝,구분,등급,대상,설명,상세
2026-03-02 00:00,2026-03-05 00:00,합계 불일치,FAIL,S001604,세션 합계가 소속 건 합계와 다름 (소속 건 100개),"지급 합계 차이 250,000 (허용 0)"
2026-03-02 00:00,2026-03-05 00:00,합계 불일치,FAIL,S001593,세션 합계가 소속 건 합계와 다름 (소속 건 40개),"베팅 합계 차이 1,000 (허용 0), 스핀 수 차이 1 (허용 0)"
2026-03-02 00:00,2026-03-05 00:00,합계 불일치,FAIL,S000869,세션 합계가 소속 건 합계와 다름 (소속 건 64개),"지급 합계 차이 50,000 (허용 0)"
2026-03-02 00:00,2026-03-05 00:00,합계 불일치,FAIL,S002187,세션 합계가 소속 건 합계와 다름 (소속 건 9개),"베팅 합계 차이 -10,000 (허용 0), 스핀 수 차이 -1 (허용 0)"
2026-03-02 00:00,2026-03-05 00:00,합계 불일치,FAIL,S000029,세션 합계가 소속 건 합계와 다름 (소속 건 7개),스핀 수 차이 1 (허용 0)
2026-03-02 00:00,2026-03-05 00:00,합계 불일치,FAIL,S001732,세션 합계가 소속 건 합계와 다름 (소속 건 82개),"베팅 합계 차이 100,000 (허용 0), 스핀 수 차이 1 (허용 0)"
2026-03-02 00:00,2026-03-05 00:00,집계 누락,FAIL,S003017,"소속 세션 없음, 누락 건 121개","베팅 합계 6,050,000, 지급 합계 4,475,000, 스핀 수 121"
2026-03-02 00:00,2026-03-05 00:00,마감 이후 기록,FAIL,P00164972,이미 마감된 묶음에 늦게 기록됨,"소속 S002455, 기록시각 2026-03-02 01:39:00, 마감시각 2026-03-01 18:03:29"
2026-03-02 00:00,2026-03-05 00:00,상세 로그 중복 적재,FAIL,P00146516,같은 건 ID가 여러 번 적재됨,적재 횟수 2
2026-03-02 00:00,2026-03-05 00:00,시간 역전 (묶음 기간 밖에 찍힌 건),WARN,P00091809,"금액 합계에는 영향 없음, 시각 기록 점검 필요","소속 S001378, 기록시각 2026-03-02 14:47:09, 시작 2026-03-02 14:25:11, 마감 2026-03-02 14:42:09"
